AssetId,Title,Category,Discipline,AssetType,RelativePath,Revision,ApprovalStatus,ApprovedBy,ApprovalDateUtc,UnitsPerMetre,Tags,Description,Sha256,IsActive
CE-DL-100,List of Drawings,Standard,Drawing Production,PDF,Drawings/General/CE-DL-100 - LIST OF DRAWINGS.pdf,Unconfirmed,ForReview,,,1,"drawing register,list of drawings,roads,sewer,water,stormwater",Controlled drawing register for the uploaded civil drawing set.,c2e7f7d3db72447d858733710b29ff8110593831aee9b0b210b0d653a0ceed9f,true
CE-GN-100,General Civil Notes,Standard,General Civil,PDF,Drawings/General/CE-GN-100 - GENERAL CIVIL NOTES.pdf,Unconfirmed,ForReview,,,1,"general notes,SANS 1200,roads,sewer,water,civil","General civil, road, sewer and water construction notes.",b7c0eca15e4015d01872819506eabf1aa39821826212b57ca72c4b815ac9e9a2,true
CE-R-103,Road Setting-Out Tables,Schedule,Road,PDF,Drawings/Road/CE-R-103 - ROADS SETTING-OUT TABLES.pdf,Unconfirmed,ForReview,,,1,"road,setting out,alignment,vertical alignment,junctions,coordinates",Road horizontal and vertical alignment data with junction setting-out tables.,723784907e138a2651dad14bca45ea95b0e33d004a0bd67778c6137d36bda005,true
CE-RD-100,Road Details,Typical Detail,Road,PDF,Drawings/Road/CE-RD-100 - ROAD DETAILS.pdf,Unconfirmed,ForReview,,,1,"road detail,cross section,layerworks,signs,2.5 percent crossfall","Road cross-sections, layerworks and road-sign installation details.",3498262b8dd6188aa895fa500d4aeb95fbbf81a18c39960f63d28aaea2775315,true
CE-S-103,Sewer Longitudinal Sections - 1,Design Drawing,Sewer,PDF,Drawings/Sewer/CE-S-103 - SEWER LONGITUDINAL SECTIONS - 1.pdf,Unconfirmed,ForReview,,,1,"sewer,long section,manholes,inverts,slopes,Class 34","Sewer longitudinal sections with manholes, invert levels, slopes and depths.",209b4bbe11a22fde4d72162b89f3b84697db35cf2c0cdad3f2fadecc1abe1cb0,true
CE-S-104,Sewer Longitudinal Sections - 2,Design Drawing,Sewer,PDF,Drawings/Sewer/CE-S-104 - SEWER LONGITUDINAL SECTIONS - 2.pdf,Unconfirmed,ForReview,,,1,"sewer,long section,manholes,inverts,slopes,Class 34",Continuation of sewer longitudinal sections with pipe and manhole data.,f141e5eaf8a1c80ee8b279b16f4beb95efb625591cbf7e6b8ce2ac613bce905b,true
CE-S-105,Sewer Longitudinal Sections - 3,Design Drawing,Sewer,PDF,Drawings/Sewer/CE-S-105 - SEWER LONGITUDINAL SECTIONS - 3.pdf,Unconfirmed,ForReview,,,1,"sewer,long section,manholes,inverts,slopes,Class 34",Additional sewer longitudinal sections and branch profiles.,40861190a1716ea28754ca10d3f6ed7ed08e6cfd3cb83e848a03ad27bd05c33d,true
CE-SD-100,Sewer Details - 1,Typical Detail,Sewer,PDF,Drawings/Sewer/CE-SD-100 - SEWER DETAILS - 1.pdf,Unconfirmed,ForReview,,,1,"sewer,manhole,brick manhole,drop manhole,benching","Standard sewer manhole, benching, cover and reinforcement details.",2aca0fdae32f1be83f181cbd4d38c9545cc630193a5002f7a443919e94e93b01,true
CE-SD-101,Sewer Details - 2,Typical Detail,Sewer,PDF,Drawings/Sewer/CE-SD-101 - SEWER DETAILS - 2.pdf,Unconfirmed,ForReview,,,1,"sewer,erf connection,marker,channeling,house connection","Sewer erf connections, marker and typical manhole channeling details.",fb3b616d7ec162a515bfda6a0d3bc98211fcbe62eef758298bd823adff7f4f85,true
CE-SD-102,Sewer Details - 3,Typical Detail,Sewer,PDF,Drawings/Sewer/CE-SD-102 - SEWER DETAILS - 3.pdf,Unconfirmed,ForReview,,,1,"sewer,trench,bedding,backfill,encasement,cover","Sewer trench excavation, bedding, backfill, cover and encasement standards.",1ea2800555361f855a79cd494b9808f5169c9e1a396d59456f2aec645940ec34,true
CE-SD-103,Sewer Details - 4,Typical Detail,Sewer,PDF,Drawings/Sewer/CE-SD-103 - SEWER DETAILS - 4.pdf,Unconfirmed,ForReview,,,1,"sewer,pump station,wet well,pumps,equipment schedule",Sewage pump-station civil and equipment details.,bab9856d870d61a74652621bf55efc76754ddefd33574b4eeb230860a2869017,true
CE-SWD-100,Stormwater Details,Typical Detail,Stormwater,PDF,Drawings/Stormwater/CE-SWD-100 - SW DETAILS.pdf,Unconfirmed,ForReview,,,1,"stormwater,drift,concrete slab,joints,stone pitching","Stormwater drift, slab-joint, edge-beam and stone-pitching details.",909d8032d80f7066ac12ddf6b3b2e643babb9152b632998ef0b66976dde1b06e,true
CE-W-101,Water Layout - 1,Design Drawing,Water,PDF,Drawings/Water/CE-W-101 - WATER LAYOUT - 1.pdf,Unconfirmed,ForReview,,,1,"water layout,branches,nodes,fire hydrants,valves,uPVC,HDPE","Water reticulation layout with branches, nodes, valves, hydrants and pipe classes.",741bd8e152c00a1b269ba3fcf21d8c9e42b1e782b6810754424e913a6535bdbb,true
CE-WD-100,Water Details - 1,Typical Detail,Water,PDF,Drawings/Water/CE-WD-100 - WATER DETAILS - 1.pdf,Unconfirmed,ForReview,,,1,"water,valve box,thrust block,gate valve,test pressure",Water valve-box and thrust-block details with pressure/diameter tables.,8a3708ee37e91ee8c8a3be89d17cccec3b12ce37cfa14e1d842f5fad9caca44b,true
CE-WD-101,Water Details - 2,Typical Detail,Water,PDF,Drawings/Water/CE-WD-101 - WATER DETAILS - 2.pdf,Unconfirmed,ForReview,,,1,"water,trench,bedding,backfill,encasement,cover","Water trench excavation, bedding, backfill and concrete-encasement details.",98b5946e3463e951d01573cdbe927bf315693f354653b220257a9d3c209eee0a,true
CE-WD-102,Water Details - 3,Typical Detail,Water,PDF,Drawings/Water/CE-WD-102 - WATER DETAILS - 3.pdf,Unconfirmed,ForReview,,,1,"water,erf connection,house connection,saddle,HDPE,thrust block","Single, double and multiple-unit water erf connection details.",f37e63b3c83046e397cf62ce65efde636c5ecf2b9c4d3f372d1039fe2551c55d,true
DATA-ROAD-LEVELS-001,Road Levels - Left Centre Right,Schedule Template,Road,XLSX,Schedules/Road/ROAD LEVELS - LEFT-CENTER-RIGHT.xlsx,Unconfirmed,ForReview,,,1,"road levels,chainage,left,centre,right,natural ground,final road","Construction road-level schedule with left, centreline and right levels and differences.",51d78af37e214696c26e9a39fee6db338ee70d8c9b65b4343f96536c7867dc67,true
SETOUT-JUNCTIONS-001,Final Junction Setting-Out,Schedule Template,Road,XLSX,Schedules/Road/FINAL JUNCTION SETTING-OUT.xlsx,Unconfirmed,ForReview,,,1,"junctions,setting out,coordinates,existing ground,final level",Road-junction X/Y setting-out schedule with existing and final levels.,0c2505e18e9b677c04f635740167324cf3d351bbfe62ae765afdadac204d1709,true
BOQ-SEWER-001,Sewer Quantities,Quantity Template,Sewer,XLSX,Schedules/Sewer/SEWER - QUANTITIES.xlsx,Unconfirmed,ForReview,,,1,"sewer quantities,excavation,bedding,backfill,pipe lengths,structures","Sewer excavation, bedding, refill, pipe-length and structure quantity workbook.",ae6239c99aa4e16a027bb7f7bd62c4b649b977189d479cfc4603ce6772a4e76b,true
BOQ-WATER-001,Water Quantities,Quantity Template,Water,XLSX,Schedules/Water/WATER - QUANTITIES.xlsx,Unconfirmed,ForReview,,,1,"water quantities,excavation,bedding,backfill,pipe lengths,structures,bends","Water excavation, bedding, refill, pipe-length, structure and bend quantity workbook.",333cd7f5ed3376f702ff4c0e7cc2b7228f3d6e744dd0de04301d00b90e8eb966,true
